dataset,candidate_name,hidden_dims,dropout,lr,weight_decay,seed,train_seed,best_val_mse,best_epoch,epochs_run,n_parameters,test_accessed
orf,mlp_h256_d01_lr1e3,[256],0.1,0.001,0.0001,42,42,1.0118110008176067,5,35,513490,False
orf,mlp_h256_d01_lr1e3,[256],0.1,0.001,0.0001,123,123,0.9996652176607581,3,33,513490,False
orf,mlp_h256_d01_lr1e3,[256],0.1,0.001,0.0001,2024,2024,0.9544060106311605,3,33,513490,False
orf,mlp_h512_d01_lr1e3,[512],0.1,0.001,0.0001,42,10042,1.0142580816833373,2,32,1026258,False
orf,mlp_h512_d01_lr1e3,[512],0.1,0.001,0.0001,123,10123,1.0021951501371396,2,32,1026258,False
orf,mlp_h512_d01_lr1e3,[512],0.1,0.001,0.0001,2024,12024,0.9554933425186151,2,32,1026258,False
orf,mlp_h512_256_d01_lr1e3,"[512, 256]",0.1,0.001,0.0001,42,20042,1.0068806636884862,4,34,972754,False
orf,mlp_h512_256_d01_lr1e3,"[512, 256]",0.1,0.001,0.0001,123,20123,0.9935564971582768,3,33,972754,False
orf,mlp_h512_256_d01_lr1e3,"[512, 256]",0.1,0.001,0.0001,2024,22024,0.9495324951728231,2,32,972754,False
orf,mlp_h512_256_d03_lr1e3,"[512, 256]",0.3,0.001,0.0001,42,30042,1.004379017672357,6,36,972754,False
orf,mlp_h512_256_d03_lr1e3,"[512, 256]",0.3,0.001,0.0001,123,30123,0.9930282048701609,4,34,972754,False
orf,mlp_h512_256_d03_lr1e3,"[512, 256]",0.3,0.001,0.0001,2024,32024,0.9483656609195402,3,33,972754,False
orf,mlp_h512_256_d01_lr3e4,"[512, 256]",0.1,0.0003,0.0001,42,40042,1.006147969742869,13,43,972754,False
orf,mlp_h512_256_d01_lr3e4,"[512, 256]",0.1,0.0003,0.0001,123,40123,0.9924802435421585,6,36,972754,False
orf,mlp_h512_256_d01_lr3e4,"[512, 256]",0.1,0.0003,0.0001,2024,42024,0.9484751465778785,7,37,972754,False
orf,mlp_h1024_512_d01_lr3e4,"[1024, 512]",0.1,0.0003,0.0001,42,50042,1.0059300644988152,4,34,2206930,False
orf,mlp_h1024_512_d01_lr3e4,"[1024, 512]",0.1,0.0003,0.0001,123,50123,0.9923729077969424,5,35,2206930,False
orf,mlp_h1024_512_d01_lr3e4,"[1024, 512]",0.1,0.0003,0.0001,2024,52024,0.9482554911979358,4,34,2206930,False
crispr,mlp_h256_d01_lr1e3,[256],0.1,0.001,0.0001,42,100042,1.0209789936499842,4,34,394499,False
crispr,mlp_h256_d01_lr1e3,[256],0.1,0.001,0.0001,123,100123,1.105585403462762,3,33,394499,False
crispr,mlp_h256_d01_lr1e3,[256],0.1,0.001,0.0001,2024,102024,1.0126033926446663,3,33,394499,False
crispr,mlp_h512_d01_lr1e3,[512],0.1,0.001,0.0001,42,110042,1.0251384133459605,3,33,788739,False
crispr,mlp_h512_d01_lr1e3,[512],0.1,0.001,0.0001,123,110123,1.1090816684271874,3,33,788739,False
crispr,mlp_h512_d01_lr1e3,[512],0.1,0.001,0.0001,2024,112024,1.0159031926130984,2,32,788739,False
crispr,mlp_h512_256_d01_lr1e3,"[512, 256]",0.1,0.001,0.0001,42,120042,1.0157070690973993,3,33,853763,False
crispr,mlp_h512_256_d01_lr1e3,"[512, 256]",0.1,0.001,0.0001,123,120123,1.0993248555158932,3,33,853763,False
crispr,mlp_h512_256_d01_lr1e3,"[512, 256]",0.1,0.001,0.0001,2024,122024,1.0051631061654647,2,32,853763,False
crispr,mlp_h512_256_d03_lr1e3,"[512, 256]",0.3,0.001,0.0001,42,130042,1.0119890695952016,7,37,853763,False
crispr,mlp_h512_256_d03_lr1e3,"[512, 256]",0.3,0.001,0.0001,123,130123,1.0963882767538429,5,35,853763,False
crispr,mlp_h512_256_d03_lr1e3,"[512, 256]",0.3,0.001,0.0001,2024,132024,1.004341314866079,2,32,853763,False
crispr,mlp_h512_256_d01_lr3e4,"[512, 256]",0.1,0.0003,0.0001,42,140042,1.0150257020834852,8,38,853763,False
crispr,mlp_h512_256_d01_lr3e4,"[512, 256]",0.1,0.0003,0.0001,123,140123,1.0967717591243535,7,37,853763,False
crispr,mlp_h512_256_d01_lr3e4,"[512, 256]",0.1,0.0003,0.0001,2024,142024,1.0044941083266554,2,32,853763,False
crispr,mlp_h1024_512_d01_lr3e4,"[1024, 512]",0.1,0.0003,0.0001,42,150042,1.015446216094801,5,35,1969411,False
crispr,mlp_h1024_512_d01_lr3e4,"[1024, 512]",0.1,0.0003,0.0001,123,150123,1.0998952793764114,4,34,1969411,False
crispr,mlp_h1024_512_d01_lr3e4,"[1024, 512]",0.1,0.0003,0.0001,2024,152024,1.0045745459070932,2,32,1969411,False
